wavybangsy,0h 0m 6s
wavybangsy,0h 0m 6s
wavybangsy,0h 0m 6s
wavybangsy,0h 0m 7s
wavybangsy,0h 0m 10s
wavybangsy,0h 0m 11s
wavybangsy,0h 0m 11s
wavybangsy,0h 0m 10s
wavybangsy,0h 0m 10s
wavybangsy,0h 0m 5s
wavybangsy,0h 0m 7s
wavybangsy,0h 0m 5s
wavybangsy,0h 0m 7s
wavybangsy,0h 0m 4s
user1,0h 0m 6s
user1,0h 0m 6s
user1,0h 0m 9s
wavybangsy,0h 0m 10s
wavybangsy,0h 0m 5s
wavybangsy,0h 0m 3s,3/5/2024
wavybangsy,0h 0m 7s,3/5/2024
user1,0h 0m 14s,3/5/2024
user1,0h 0m 3s,3/5/2024
user1,0h 0m 3s,3/5/2024
user1,0h 0m 5s,3/5/2024
wavybangsy,0h 0m 6s,3/5/2024
wavybangsy,0h 0m 8s,3/5/2024
wavybangsy,0h 0m 5s,3/6/2024
wavybangsy,0h 0m 6s,3/6/2024
wavybangsy,0h 0m 3s,3/6/2024
wavybangsy,0h 0m 11s,3/6/2024
wavybangsy,0h 0m 5s,3/6/2024
wavybangsy,0h 0m 6s,3/6/2024
wavybangsy,0h 0m 5s,3/6/2024
wavybangsy,0h 0m 5s,3/6/2024
wavybangsy,0h 0m 4s,3/6/2024
wavybangsy,0h 0m 5s,3/6/2024
wavybangsy,0h 0m 3s,3/6/2024
wavybangsy,0h 0m 5s,3/6/2024
wavybangsy,0h 0m 4s,3/6/2024
wavybangsy,0h 0m 2s,3/6/2024
wavybangsy,0h 0m 3s,3/6/2024
wavybangsy,0h 0m 4s,3/6/2024
wavybangsy,0h 0m 2s,3/6/2024
wavybangsy,0h 0m 2s,3/6/2024
wavybangsy,0h 0m 5s,3/6/2024
wavybangsy,0h 0m 3s,3/6/2024
wavybangsy,0h 0m 2s,3/6/2024
wavybangsy,0h 0m 3s,3/6/2024
wavybangsy,0h 0m 2s,3/6/2024
wavybangsy,0h 0m 3s,3/6/2024
wavybangsy,0h 0m 3s,3/6/2024
wavybangsy,0h 0m 3s,3/6/2024
wavybangsy,0h 0m 2s,3/6/2024
wavybangsy,0h 0m 2s,3/6/2024
wavybangsy,0h 0m 2s,3/6/2024
wavybangsy,0h 0m 2s,3/6/2024
wavybangsy,0h 0m 3s,3/6/2024
wavybangsy,0h 0m 3s,3/6/2024
wavybangsy,0h 0m 2s,3/6/2024
wavybangsy,0h 0m 3s,3/6/2024
wavybangsy,0h 0m 4s,3/6/2024
wavybangsy,0h 0m 3s,3/6/2024
wavybangsy,0h 0m 4s,3/6/2024
wavybangsy,0h 0m 3s,3/6/2024
